Log start on,2023-01-07 14:08:02
Feature,Magnetometer
Nodes,AM1V420 @1F3E5C, 
Date,HostTimestamp (ms),NodeName,NodeTimestamp,RawData,X (mGa),Y (mGa),Z (mGa),
07/01/2023 14:08:02.135,34,AM1V420 @1F3E5C,243944,A3FFC5FD5500,-93,-571,85,,WALKING
07/01/2023 14:08:02.228,127,AM1V420 @1F3E5C,243952,A3FFC0FD5B00,-93,-576,91,,WALKING
07/01/2023 14:08:02.230,129,AM1V420 @1F3E5C,243954,9AFFC0FD5B00,-102,-576,91,,WALKING
07/01/2023 14:08:02.278,177,AM1V420 @1F3E5C,243959,A9FFBCFD5800,-87,-580,88,,WALKING
07/01/2023 14:08:02.278,177,AM1V420 @1F3E5C,243957,A2FFC6FD5D00,-94,-570,93,,WALKING
07/01/2023 14:08:02.279,178,AM1V420 @1F3E5C,243962,A5FFC5FD4F00,-91,-571,79,,WALKING
07/01/2023 14:08:02.328,227,AM1V420 @1F3E5C,243967,A0FFC2FD4C00,-96,-574,76,,WALKING
07/01/2023 14:08:02.326,225,AM1V420 @1F3E5C,243964,A3FFC6FD4F00,-93,-570,79,,WALKING
07/01/2023 14:08:02.377,276,AM1V420 @1F3E5C,243972,AFFFCBFD4F00,-81,-565,79,,WALKING
07/01/2023 14:08:02.377,276,AM1V420 @1F3E5C,243974,AFFFC8FD5500,-81,-568,85,,WALKING
07/01/2023 14:08:02.376,275,AM1V420 @1F3E5C,243969,A8FFC5FD4F00,-88,-571,79,,WALKING
07/01/2023 14:08:02.422,321,AM1V420 @1F3E5C,243977,B5FFC9FD5100,-75,-567,81,,WALKING
07/01/2023 14:08:02.424,323,AM1V420 @1F3E5C,243979,B7FFC8FD4C00,-73,-568,76,,WALKING
07/01/2023 14:08:02.472,371,AM1V420 @1F3E5C,243982,B1FFCFFD4E00,-79,-561,78,,WALKING
07/01/2023 14:08:02.472,371,AM1V420 @1F3E5C,243984,BEFFCFFD4C00,-66,-561,76,,WALKING
07/01/2023 14:08:02.474,373,AM1V420 @1F3E5C,243987,BAFFCEFD5100,-70,-562,81,,WALKING
07/01/2023 14:08:02.522,421,AM1V420 @1F3E5C,243989,B1FFD1FD4900,-79,-559,73,,WALKING
07/01/2023 14:08:02.522,421,AM1V420 @1F3E5C,243992,C4FFCBFD4E00,-60,-565,78,,WALKING
07/01/2023 14:08:02.570,469,AM1V420 @1F3E5C,243994,BBFFD7FD5100,-69,-553,81,,WALKING
07/01/2023 14:08:02.570,469,AM1V420 @1F3E5C,243997,BBFFD2FD4C00,-69,-558,76,,WALKING
07/01/2023 14:08:02.571,470,AM1V420 @1F3E5C,243999,C3FFD1FD4E00,-61,-559,78,,WALKING
07/01/2023 14:08:02.620,519,AM1V420 @1F3E5C,244002,B5FFD1FD4E00,-75,-559,78,,WALKING
07/01/2023 14:08:02.621,520,AM1V420 @1F3E5C,244004,BEFFDAFD4800,-66,-550,72,,WALKING
07/01/2023 14:08:02.669,568,AM1V420 @1F3E5C,244007,C4FFDAFD4800,-60,-550,72,,WALKING
07/01/2023 14:08:02.669,568,AM1V420 @1F3E5C,244009,BDFFCEFD5200,-67,-562,82,,WALKING
07/01/2023 14:08:02.717,616,AM1V420 @1F3E5C,244014,CAFFD1FD4E00,-54,-559,78,,WALKING
07/01/2023 14:08:02.718,617,AM1V420 @1F3E5C,244017,CCFFD8FD4B00,-52,-552,75,,WALKING
07/01/2023 14:08:02.717,616,AM1V420 @1F3E5C,244012,C9FFCFFD4500,-55,-561,69,,WALKING
07/01/2023 14:08:02.767,666,AM1V420 @1F3E5C,244019,CDFFD8FD4E00,-51,-552,78,,WALKING
07/01/2023 14:08:02.767,666,AM1V420 @1F3E5C,244022,C9FFDAFD4800,-55,-550,72,,WALKING
07/01/2023 14:08:02.818,717,AM1V420 @1F3E5C,244024,D2FFDDFD4F00,-46,-547,79,,WALKING
07/01/2023 14:08:02.819,718,AM1V420 @1F3E5C,244027,D6FFE4FD4200,-42,-540,66,,WALKING
07/01/2023 14:08:02.821,720,AM1V420 @1F3E5C,244029,CCFFE3FD4900,-52,-541,73,,WALKING
07/01/2023 14:08:02.864,763,AM1V420 @1F3E5C,244032,CFFFE4FD4500,-49,-540,69,,WALKING
07/01/2023 14:08:02.865,764,AM1V420 @1F3E5C,244034,CDFFE1FD4900,-51,-543,73,,WALKING
07/01/2023 14:08:02.910,809,AM1V420 @1F3E5C,244037,CFFFE1FD4F00,-49,-543,79,,WALKING
07/01/2023 14:08:02.915,814,AM1V420 @1F3E5C,244042,C6FFE3FD4F00,-58,-541,79,,WALKING
07/01/2023 14:08:02.913,812,AM1V420 @1F3E5C,244039,C7FFDDFD4B00,-57,-547,75,,WALKING
07/01/2023 14:08:02.960,859,AM1V420 @1F3E5C,244044,C7FFE1FD4900,-57,-543,73,,WALKING
07/01/2023 14:08:02.960,859,AM1V420 @1F3E5C,244047,C1FFDDFD4E00,-63,-547,78,,WALKING
07/01/2023 14:08:03.008,907,AM1V420 @1F3E5C,244049,C3FFE0FD5100,-61,-544,81,,WALKING
07/01/2023 14:08:03.009,908,AM1V420 @1F3E5C,244052,C1FFDBFD4E00,-63,-549,78,,WALKING
07/01/2023 14:08:03.057,956,AM1V420 @1F3E5C,244054,B8FFDEFD4B00,-72,-546,75,,WALKING
07/01/2023 14:08:03.058,957,AM1V420 @1F3E5C,244057,B8FFDDFD4C00,-72,-547,76,,WALKING
07/01/2023 14:08:03.061,960,AM1V420 @1F3E5C,244059,B5FFD8FD5100,-75,-552,81,,WALKING
07/01/2023 14:08:03.107,1006,AM1V420 @1F3E5C,244064,ABFFD7FD5100,-85,-553,81,,WALKING
07/01/2023 14:08:03.107,1006,AM1V420 @1F3E5C,244062,ACFFD8FD4F00,-84,-552,79,,WALKING
07/01/2023 14:08:03.156,1055,AM1V420 @1F3E5C,244069,ACFFD8FD4C00,-84,-552,76,,WALKING
07/01/2023 14:08:03.155,1054,AM1V420 @1F3E5C,244067,AFFFD7FD4C00,-81,-553,76,,WALKING
07/01/2023 14:08:03.159,1058,AM1V420 @1F3E5C,244072,A2FFD2FD4500,-94,-558,69,,WALKING
07/01/2023 14:08:03.206,1105,AM1V420 @1F3E5C,244074,9FFFD4FD4F00,-97,-556,79,,WALKING
07/01/2023 14:08:03.207,1106,AM1V420 @1F3E5C,244077,9FFFD2FD4F00,-97,-558,79,,WALKING
07/01/2023 14:08:03.256,1155,AM1V420 @1F3E5C,244084,97FFD7FD4000,-105,-553,64,,WALKING
07/01/2023 14:08:03.255,1154,AM1V420 @1F3E5C,244082,96FFCCFD4500,-106,-564,69,,WALKING
07/01/2023 14:08:03.254,1153,AM1V420 @1F3E5C,244079,A0FFCBFD3F00,-96,-565,63,,WALKING
07/01/2023 14:08:03.300,1199,AM1V420 @1F3E5C,244087,99FFCBFD3F00,-103,-565,63,,WALKING
07/01/2023 14:08:03.305,1204,AM1V420 @1F3E5C,244089,96FFCEFD3900,-106,-562,57,,WALKING
07/01/2023 14:08:03.354,1253,AM1V420 @1F3E5C,244097,94FFC3FD3D00,-108,-573,61,,WALKING
07/01/2023 14:08:03.353,1252,AM1V420 @1F3E5C,244094,90FFC6FD3700,-112,-570,55,,WALKING
07/01/2023 14:08:03.352,1251,AM1V420 @1F3E5C,244092,96FFCBFD3400,-106,-565,52,,WALKING
07/01/2023 14:08:03.402,1301,AM1V420 @1F3E5C,244102,93FFC5FD3C00,-109,-571,60,,WALKING
07/01/2023 14:08:03.401,1300,AM1V420 @1F3E5C,244099,8AFFC8FD3700,-118,-568,55,,WALKING
07/01/2023 14:08:03.447,1346,AM1V420 @1F3E5C,244104,8EFFCCFD4000,-114,-564,64,,WALKING
07/01/2023 14:08:03.450,1349,AM1V420 @1F3E5C,244107,8EFFCEFD3600,-114,-562,54,,WALKING
07/01/2023 14:08:03.500,1399,AM1V420 @1F3E5C,244109,93FFC9FD4200,-109,-567,66,,WALKING
07/01/2023 14:08:03.503,1402,AM1V420 @1F3E5C,244114,99FFCCFD3A00,-103,-564,58,,WALKING
07/01/2023 14:08:03.503,1402,AM1V420 @1F3E5C,244112,96FFCCFD3700,-106,-564,55,,WALKING
07/01/2023 14:08:03.544,1443,AM1V420 @1F3E5C,244117,97FFCCFD3D00,-105,-564,61,,WALKING
07/01/2023 14:08:03.547,1446,AM1V420 @1F3E5C,244119,94FFCFFD4000,-108,-561,64,,WALKING
07/01/2023 14:08:03.597,1496,AM1V420 @1F3E5C,244124,A0FFCBFD4200,-96,-565,66,,WALKING
07/01/2023 14:08:03.595,1494,AM1V420 @1F3E5C,244122,97FFCBFD3F00,-105,-565,63,,WALKING
07/01/2023 14:08:03.600,1499,AM1V420 @1F3E5C,244127,99FFCFFD4200,-103,-561,66,,WALKING
07/01/2023 14:08:03.645,1544,AM1V420 @1F3E5C,244132,A3FFD1FD4200,-93,-559,66,,WALKING
07/01/2023 14:08:03.645,1544,AM1V420 @1F3E5C,244129,A2FFD5FD4000,-94,-555,64,,WALKING
07/01/2023 14:08:03.696,1595,AM1V420 @1F3E5C,244137,9FFFCEFD4600,-97,-562,70,,WALKING
07/01/2023 14:08:03.696,1595,AM1V420 @1F3E5C,244139,A8FFCEFD4200,-88,-562,66,,WALKING
07/01/2023 14:08:03.695,1594,AM1V420 @1F3E5C,244134,A3FFCEFD3F00,-93,-562,63,,WALKING
07/01/2023 14:08:03.743,1642,AM1V420 @1F3E5C,244144,A2FFCBFD4000,-94,-565,64,,WALKING
07/01/2023 14:08:03.742,1641,AM1V420 @1F3E5C,244142,ABFFD5FD3F00,-85,-555,63,,WALKING
07/01/2023 14:08:03.791,1690,AM1V420 @1F3E5C,244149,AEFFCFFD3A00,-82,-561,58,,WALKING
07/01/2023 14:08:03.791,1690,AM1V420 @1F3E5C,244147,AFFFD1FD3A00,-81,-559,58,,WALKING
07/01/2023 14:08:03.840,1739,AM1V420 @1F3E5C,244152,ACFFDAFD2E00,-84,-550,46,,WALKING
07/01/2023 14:08:03.841,1740,AM1V420 @1F3E5C,244154,B1FFD8FD3000,-79,-552,48,,WALKING
07/01/2023 14:08:03.843,1742,AM1V420 @1F3E5C,244157,B4FFDDFD2B00,-76,-547,43,,WALKING
07/01/2023 14:08:03.890,1789,AM1V420 @1F3E5C,244162,B2FFDBFD2100,-78,-549,33,,WALKING
07/01/2023 14:08:03.888,1787,AM1V420 @1F3E5C,244159,AEFFE3FD2500,-82,-541,37,,WALKING
07/01/2023 14:08:03.935,1834,AM1V420 @1F3E5C,244164,AFFFE3FD2100,-81,-541,33,,WALKING
07/01/2023 14:08:03.938,1837,AM1V420 @1F3E5C,244169,BAFFE6FD1800,-70,-538,24,,WALKING
07/01/2023 14:08:03.937,1836,AM1V420 @1F3E5C,244167,BDFFE6FD1900,-67,-538,25,,WALKING
07/01/2023 14:08:03.984,1883,AM1V420 @1F3E5C,244172,B8FFECFD1000,-72,-532,16,,WALKING
07/01/2023 14:08:03.986,1885,AM1V420 @1F3E5C,244174,AFFFF3FD0A00,-81,-525,10,,WALKING
07/01/2023 14:08:04.043,1942,AM1V420 @1F3E5C,244177,B7FFEFFD0C00,-73,-529,12,,WALKING
07/01/2023 14:08:04.046,1945,AM1V420 @1F3E5C,244182,AFFFF8FD0C00,-81,-520,12,,WALKING
07/01/2023 14:08:04.046,1945,AM1V420 @1F3E5C,244179,BAFFEFFD0400,-70,-529,4,,WALKING
07/01/2023 14:08:04.082,1981,AM1V420 @1F3E5C,244187,AEFFF0FD0C00,-82,-528,12,,WALKING
07/01/2023 14:08:04.082,1981,AM1V420 @1F3E5C,244184,B2FFF6FD0F00,-78,-522,15,,WALKING
07/01/2023 14:08:04.133,2032,AM1V420 @1F3E5C,244194,AEFFF6FDFCFF,-82,-522,-4,,WALKING
07/01/2023 14:08:04.132,2031,AM1V420 @1F3E5C,244189,ACFFF8FD0400,-84,-520,4,,WALKING
07/01/2023 14:08:04.133,2032,AM1V420 @1F3E5C,244192,B2FFF9FDFCFF,-78,-519,-4,,WALKING
07/01/2023 14:08:04.181,2080,AM1V420 @1F3E5C,244197,A8FFF6FDF9FF,-88,-522,-7,,WALKING
07/01/2023 14:08:04.182,2081,AM1V420 @1F3E5C,244199,A6FFFFFDF4FF,-90,-513,-12,,WALKING
07/01/2023 14:08:04.230,2129,AM1V420 @1F3E5C,244202,A8FF01FEF1FF,-88,-511,-15,,WALKING
07/01/2023 14:08:04.231,2130,AM1V420 @1F3E5C,244204,A5FF01FEF0FF,-91,-511,-16,,WALKING
07/01/2023 14:08:04.280,2179,AM1V420 @1F3E5C,244212,A8FF0EFEE2FF,-88,-498,-30,,WALKING
07/01/2023 14:08:04.279,2178,AM1V420 @1F3E5C,244209,A5FF0AFEE2FF,-91,-502,-30,,WALKING
07/01/2023 14:08:04.279,2178,AM1V420 @1F3E5C,244207,A0FF07FEF0FF,-96,-505,-16,,WALKING
07/01/2023 14:08:04.326,2225,AM1V420 @1F3E5C,244214,9AFF14FEDFFF,-102,-492,-33,,WALKING
07/01/2023 14:08:04.328,2227,AM1V420 @1F3E5C,244217,9DFF11FED9FF,-99,-495,-39,,WALKING
07/01/2023 14:08:04.377,2276,AM1V420 @1F3E5C,244222,A2FF1FFED5FF,-94,-481,-43,,WALKING
07/01/2023 14:08:04.376,2275,AM1V420 @1F3E5C,244219,9DFF17FED6FF,-99,-489,-42,,WALKING
07/01/2023 14:08:04.382,2281,AM1V420 @1F3E5C,244224,9FFF23FEC7FF,-97,-477,-57,,WALKING
07/01/2023 14:08:04.423,2322,AM1V420 @1F3E5C,244227,93FF2BFEC1FF,-109,-469,-63,,WALKING
07/01/2023 14:08:04.424,2323,AM1V420 @1F3E5C,244229,91FF2FFEBBFF,-111,-465,-69,,WALKING
07/01/2023 14:08:04.475,2374,AM1V420 @1F3E5C,244234,96FF44FEA0FF,-106,-444,-96,,WALKING
07/01/2023 14:08:04.475,2374,AM1V420 @1F3E5C,244237,97FF50FEA3FF,-105,-432,-93,,WALKING
07/01/2023 14:08:04.475,2374,AM1V420 @1F3E5C,244232,96FF3DFEACFF,-106,-451,-84,,WALKING
07/01/2023 14:08:04.521,2421,AM1V420 @1F3E5C,244239,9DFF58FE9DFF,-99,-424,-99,,WALKING
07/01/2023 14:08:04.523,2422,AM1V420 @1F3E5C,244242,97FF59FEABFF,-105,-423,-85,,WALKING
07/01/2023 14:08:04.583,2482,AM1V420 @1F3E5C,244244,91FF5EFEB8FF,-111,-418,-72,,WALKING
07/01/2023 14:08:04.586,2485,AM1V420 @1F3E5C,244247,96FF4FFEC6FF,-106,-433,-58,,WALKING
07/01/2023 14:08:04.618,2517,AM1V420 @1F3E5C,244249,94FF55FEC7FF,-108,-427,-57,,WALKING
07/01/2023 14:08:04.618,2517,AM1V420 @1F3E5C,244252,A6FF4FFEDBFF,-90,-433,-37,,WALKING
07/01/2023 14:08:04.622,2521,AM1V420 @1F3E5C,244254,A3FF4CFEDCFF,-93,-436,-36,,WALKING
07/01/2023 14:08:04.669,2568,AM1V420 @1F3E5C,244257,A6FF5BFEDCFF,-90,-421,-36,,WALKING
07/01/2023 14:08:04.670,2569,AM1V420 @1F3E5C,244259,ABFF65FEE2FF,-85,-411,-30,,WALKING
07/01/2023 14:08:04.715,2614,AM1V420 @1F3E5C,244262,B5FF6EFED9FF,-75,-402,-39,,WALKING
07/01/2023 14:08:04.718,2617,AM1V420 @1F3E5C,244267,B5FF86FED6FF,-75,-378,-42,,WALKING
07/01/2023 14:08:04.717,2616,AM1V420 @1F3E5C,244264,B8FF86FECDFF,-72,-378,-51,,WALKING
07/01/2023 14:08:04.764,2663,AM1V420 @1F3E5C,244269,C0FF88FED6FF,-64,-376,-42,,WALKING
07/01/2023 14:08:04.767,2666,AM1V420 @1F3E5C,244272,C4FF8BFED8FF,-60,-373,-40,,WALKING
07/01/2023 14:08:04.817,2716,AM1V420 @1F3E5C,244277,C1FF8EFEE1FF,-63,-370,-31,,WALKING
07/01/2023 14:08:04.817,2716,AM1V420 @1F3E5C,244279,C3FF94FEDCFF,-61,-364,-36,,WALKING
07/01/2023 14:08:04.816,2715,AM1V420 @1F3E5C,244274,C3FF97FEDEFF,-61,-361,-34,,WALKING
07/01/2023 14:08:04.861,2760,AM1V420 @1F3E5C,244282,C6FF94FEE1FF,-58,-364,-31,,WALKING
07/01/2023 14:08:04.861,2760,AM1V420 @1F3E5C,244284,C9FF9EFEDEFF,-55,-354,-34,,WALKING
07/01/2023 14:08:04.910,2809,AM1V420 @1F3E5C,244287,C0FF9DFEE2FF,-64,-355,-30,,WALKING
07/01/2023 14:08:04.911,2810,AM1V420 @1F3E5C,244292,D5FF9DFEF1FF,-43,-355,-15,,WALKING
07/01/2023 14:08:04.911,2810,AM1V420 @1F3E5C,244289,D0FF92FEEEFF,-48,-366,-18,,WALKING
07/01/2023 14:08:04.959,2858,AM1V420 @1F3E5C,244297,D9FFA0FEF3FF,-39,-352,-13,,WALKING
07/01/2023 14:08:04.959,2858,AM1V420 @1F3E5C,244294,D6FFA1FEEDFF,-42,-351,-19,,WALKING
07/01/2023 14:08:05.007,2906,AM1V420 @1F3E5C,244299,E4FFA3FEF6FF,-28,-349,-10,,WALKING
07/01/2023 14:08:05.011,2910,AM1V420 @1F3E5C,244302,E1FFA9FEF7FF,-31,-343,-9,,WALKING
07/01/2023 14:08:05.057,2956,AM1V420 @1F3E5C,244307,F0FFC7FEFAFF,-16,-313,-6,,WALKING
07/01/2023 14:08:05.056,2955,AM1V420 @1F3E5C,244304,E8FFB9FEF7FF,-24,-327,-9,,WALKING
07/01/2023 14:08:05.059,2958,AM1V420 @1F3E5C,244309,E4FFC5FE0000,-28,-315,0,,WALKING
07/01/2023 14:08:05.105,3004,AM1V420 @1F3E5C,244312,E2FFC4FE0900,-30,-316,9,,WALKING
07/01/2023 14:08:05.105,3004,AM1V420 @1F3E5C,244314,DCFFB8FE0400,-36,-328,4,,WALKING
07/01/2023 14:08:05.154,3053,AM1V420 @1F3E5C,244317,D9FFAFFE0D00,-39,-337,13,,WALKING
07/01/2023 14:08:05.155,3054,AM1V420 @1F3E5C,244322,D0FFA0FE2500,-48,-352,37,,WALKING
07/01/2023 14:08:05.155,3054,AM1V420 @1F3E5C,244319,D6FFA6FE2200,-42,-346,34,,WALKING
07/01/2023 14:08:05.203,3102,AM1V420 @1F3E5C,244324,CDFF95FE3A00,-51,-363,58,,WALKING
07/01/2023 14:08:05.204,3103,AM1V420 @1F3E5C,244327,D6FF9EFE3D00,-42,-354,61,,WALKING
07/01/2023 14:08:05.252,3151,AM1V420 @1F3E5C,244329,D6FF9EFE3D00,-42,-354,61,,WALKING
07/01/2023 14:08:05.256,3155,AM1V420 @1F3E5C,244334,CAFF9DFE3F00,-54,-355,63,,WALKING
07/01/2023 14:08:05.255,3154,AM1V420 @1F3E5C,244332,CAFF9EFE4000,-54,-354,64,,WALKING
07/01/2023 14:08:05.303,3202,AM1V420 @1F3E5C,244337,C3FF9EFE3D00,-61,-354,61,,WALKING
07/01/2023 14:08:05.304,3203,AM1V420 @1F3E5C,244339,C4FF98FE3F00,-60,-360,63,,WALKING
07/01/2023 14:08:05.350,3249,AM1V420 @1F3E5C,244344,BEFF8CFE4B00,-66,-372,75,,WALKING
07/01/2023 14:08:05.349,3248,AM1V420 @1F3E5C,244342,BEFF95FE4900,-66,-363,73,,WALKING
07/01/2023 14:08:05.400,3299,AM1V420 @1F3E5C,244349,C0FF77FE5400,-64,-393,84,,WALKING
07/01/2023 14:08:05.400,3299,AM1V420 @1F3E5C,244352,B2FF62FE5800,-78,-414,88,,WALKING
07/01/2023 14:08:05.399,3298,AM1V420 @1F3E5C,244347,C1FF88FE5400,-63,-376,84,,WALKING
07/01/2023 14:08:05.446,3345,AM1V420 @1F3E5C,244354,B1FF4FFE5800,-79,-433,88,,WALKING
07/01/2023 14:08:05.449,3348,AM1V420 @1F3E5C,244357,AFFF3BFE6000,-81,-453,96,,WALKING
07/01/2023 14:08:05.495,3394,AM1V420 @1F3E5C,244359,A3FF23FE6300,-93,-477,99,,WALKING
07/01/2023 14:08:05.497,3396,AM1V420 @1F3E5C,244362,A3FF0EFE6600,-93,-498,102,,WALKING
07/01/2023 14:08:05.504,3403,AM1V420 @1F3E5C,244364,9CFFFEFD6300,-100,-514,99,,WALKING
07/01/2023 14:08:05.543,3442,AM1V420 @1F3E5C,244367,94FFF3FD6600,-108,-525,102,,WALKING
07/01/2023 14:08:05.546,3445,AM1V420 @1F3E5C,244369,9FFFEFFD6A00,-97,-529,106,,WALKING
07/01/2023 14:08:05.593,3492,AM1V420 @1F3E5C,244372,A2FFEDFD6700,-94,-531,103,,WALKING
07/01/2023 14:08:05.597,3496,AM1V420 @1F3E5C,244374,99FFF3FD6C00,-103,-525,108,,WALKING
07/01/2023 14:08:05.600,3499,AM1V420 @1F3E5C,244377,A0FFEFFD6A00,-96,-529,106,,WALKING
07/01/2023 14:08:05.641,3540,AM1V420 @1F3E5C,244379,A6FFF0FD6700,-90,-528,103,,WALKING
07/01/2023 14:08:05.644,3543,AM1V420 @1F3E5C,244382,A6FFF2FD6100,-90,-526,97,,WALKING
07/01/2023 14:08:05.690,3589,AM1V420 @1F3E5C,244384,A9FFF3FD6900,-87,-525,105,,WALKING
07/01/2023 14:08:05.690,3589,AM1V420 @1F3E5C,244387,A5FFECFD6000,-91,-532,96,,WALKING
07/01/2023 14:08:05.693,3592,AM1V420 @1F3E5C,244389,ABFFE7FD5B00,-85,-537,91,,WALKING
07/01/2023 14:08:05.738,3637,AM1V420 @1F3E5C,244392,B2FFE4FD5E00,-78,-540,94,,WALKING
07/01/2023 14:08:05.739,3638,AM1V420 @1F3E5C,244394,AFFFE4FD5800,-81,-540,88,,WALKING
07/01/2023 14:08:05.787,3686,AM1V420 @1F3E5C,244397,B1FFE3FD5D00,-79,-541,93,,WALKING
07/01/2023 14:08:05.790,3689,AM1V420 @1F3E5C,244399,B8FFE7FD5400,-72,-537,84,,WALKING
07/01/2023 14:08:05.840,3739,AM1V420 @1F3E5C,244402,BDFFE1FD5500,-67,-543,85,,WALKING
07/01/2023 14:08:05.842,3741,AM1V420 @1F3E5C,244404,C1FFE4FD5400,-63,-540,84,,WALKING
07/01/2023 14:08:05.842,3741,AM1V420 @1F3E5C,244407,C1FFE3FD4600,-63,-541,70,,WALKING
07/01/2023 14:08:05.889,3788,AM1V420 @1F3E5C,244412,C6FFD8FD5100,-58,-552,81,,WALKING
07/01/2023 14:08:05.886,3785,AM1V420 @1F3E5C,244409,BEFFE4FD4F00,-66,-540,79,,WALKING
07/01/2023 14:08:05.935,3834,AM1V420 @1F3E5C,244414,BEFFDDFD4900,-66,-547,73,,WALKING
07/01/2023 14:08:05.936,3835,AM1V420 @1F3E5C,244417,C6FFE1FD4600,-58,-543,70,,WALKING
07/01/2023 14:08:05.939,3838,AM1V420 @1F3E5C,244419,C4FFD7FD4800,-60,-553,72,,WALKING
07/01/2023 14:08:05.985,3884,AM1V420 @1F3E5C,244422,C4FFDDFD4800,-60,-547,72,,WALKING
07/01/2023 14:08:05.985,3884,AM1V420 @1F3E5C,244424,BBFFDEFD4800,-69,-546,72,,WALKING
07/01/2023 14:08:06.034,3933,AM1V420 @1F3E5C,244429,C3FFDDFD4900,-61,-547,73,,WALKING
07/01/2023 14:08:06.033,3932,AM1V420 @1F3E5C,244427,BEFFE6FD4900,-66,-538,73,,WALKING
07/01/2023 14:08:06.037,3936,AM1V420 @1F3E5C,244432,BEFFE4FD4900,-66,-540,73,,WALKING
07/01/2023 14:08:06.083,3982,AM1V420 @1F3E5C,244434,C1FFDBFD4800,-63,-549,72,,WALKING
07/01/2023 14:08:06.084,3983,AM1V420 @1F3E5C,244437,CAFFDBFD4800,-54,-549,72,,WALKING
07/01/2023 14:08:06.131,4031,AM1V420 @1F3E5C,244439,C7FFE1FD4600,-57,-543,70,,WALKING
07/01/2023 14:08:06.132,4031,AM1V420 @1F3E5C,244442,C9FFDBFD5100,-55,-549,81,,WALKING
07/01/2023 14:08:06.182,4081,AM1V420 @1F3E5C,244449,C3FFD8FD4F00,-61,-552,79,,WALKING
07/01/2023 14:08:06.180,4079,AM1V420 @1F3E5C,244444,C6FFDEFD4F00,-58,-546,79,,WALKING
07/01/2023 14:08:06.181,4080,AM1V420 @1F3E5C,244447,CDFFE0FD5400,-51,-544,84,,WALKING
07/01/2023 14:08:06.229,4128,AM1V420 @1F3E5C,244452,C4FFDAFD4900,-60,-550,73,,WALKING
07/01/2023 14:08:06.230,4129,AM1V420 @1F3E5C,244454,C7FFD4FD5200,-57,-556,82,,WALKING
07/01/2023 14:08:06.278,4177,AM1V420 @1F3E5C,244457,B8FFDAFD5700,-72,-550,87,,WALKING
07/01/2023 14:08:06.279,4178,AM1V420 @1F3E5C,244462,B7FFD8FD5500,-73,-552,85,,WALKING
07/01/2023 14:08:06.278,4177,AM1V420 @1F3E5C,244459,BAFFD7FD5700,-70,-553,87,,WALKING
07/01/2023 14:08:06.325,4224,AM1V420 @1F3E5C,244464,B5FFD8FD5800,-75,-552,88,,WALKING
07/01/2023 14:08:06.325,4226,AM1V420 @1F3E5C,244467,B5FFD5FD5100,-75,-555,81,,WALKING
07/01/2023 14:08:06.377,4276,AM1V420 @1F3E5C,244474,A9FFD1FD5D00,-87,-559,93,,WALKING
07/01/2023 14:08:06.375,4274,AM1V420 @1F3E5C,244472,A9FFD7FD6600,-87,-553,102,,WALKING
07/01/2023 14:08:06.374,4273,AM1V420 @1F3E5C,244469,AFFFCEFD5A00,-81,-562,90,,WALKING
07/01/2023 14:08:06.421,4320,AM1V420 @1F3E5C,244477,A2FFC5FD6000,-94,-571,96,,WALKING
07/01/2023 14:08:06.424,4323,AM1V420 @1F3E5C,244479,A0FFCBFD5B00,-96,-565,91,,WALKING
07/01/2023 14:08:06.472,4371,AM1V420 @1F3E5C,244482,A2FFCCFD5800,-94,-564,88,,WALKING
07/01/2023 14:08:06.472,4371,AM1V420 @1F3E5C,244484,A5FFC3FD5D00,-91,-573,93,,WALKING
07/01/2023 14:08:06.474,4373,AM1V420 @1F3E5C,244487,A2FFC6FD5A00,-94,-570,90,,WALKING
07/01/2023 14:08:06.520,4419,AM1V420 @1F3E5C,244489,97FFC9FD5700,-105,-567,87,,WALKING
07/01/2023 14:08:06.521,4420,AM1V420 @1F3E5C,244492,9DFFC8FD5700,-99,-568,87,,WALKING
07/01/2023 14:08:06.571,4470,AM1V420 @1F3E5C,244497,96FFC3FD4E00,-106,-573,78,,WALKING
07/01/2023 14:08:06.570,4469,AM1V420 @1F3E5C,244494,9AFFC2FD5100,-102,-574,81,,WALKING
07/01/2023 14:08:06.619,4518,AM1V420 @1F3E5C,244499,9AFFC0FD4E00,-102,-576,78,,WALKING
07/01/2023 14:08:06.620,4519,AM1V420 @1F3E5C,244502,91FFBFFD4900,-111,-577,73,,WALKING
07/01/2023 14:08:06.622,4521,AM1V420 @1F3E5C,244504,99FFBFFD4E00,-103,-577,78,,WALKING
07/01/2023 14:08:06.667,4567,AM1V420 @1F3E5C,244507,93FFBDFD4900,-109,-579,73,,WALKING
07/01/2023 14:08:06.668,4567,AM1V420 @1F3E5C,244509,94FFB9FD4200,-108,-583,66,,WALKING
07/01/2023 14:08:06.715,4614,AM1V420 @1F3E5C,244512,90FFBDFD4C00,-112,-579,76,,WALKING
07/01/2023 14:08:06.716,4615,AM1V420 @1F3E5C,244514,8DFFBDFD4B00,-115,-579,75,,WALKING
07/01/2023 14:08:06.717,4616,AM1V420 @1F3E5C,244517,87FFB7FD4B00,-121,-585,75,,WALKING
07/01/2023 14:08:06.764,4663,AM1V420 @1F3E5C,244519,8BFFBAFD4C00,-117,-582,76,,WALKING
07/01/2023 14:08:06.765,4664,AM1V420 @1F3E5C,244522,87FFBFFD4500,-121,-577,69,,WALKING
07/01/2023 14:08:06.815,4714,AM1V420 @1F3E5C,244527,8BFFBCFD3C00,-117,-580,60,,WALKING
07/01/2023 14:08:06.816,4715,AM1V420 @1F3E5C,244529,87FFBDFD3D00,-121,-579,61,,WALKING
07/01/2023 14:08:06.814,4713,AM1V420 @1F3E5C,244524,82FFB6FD4600,-126,-586,70,,WALKING
07/01/2023 14:08:06.863,4762,AM1V420 @1F3E5C,244534,8AFFB7FD3700,-118,-585,55,,WALKING
07/01/2023 14:08:06.862,4761,AM1V420 @1F3E5C,244532,88FFBFFD3F00,-120,-577,63,,WALKING
07/01/2023 14:08:06.910,4809,AM1V420 @1F3E5C,244539,88FFB7FD3D00,-120,-585,61,,WALKING
07/01/2023 14:08:06.910,4809,AM1V420 @1F3E5C,244537,88FFBAFD3C00,-120,-582,60,,WALKING
07/01/2023 14:08:06.960,4859,AM1V420 @1F3E5C,244542,90FFB9FD3D00,-112,-583,61,,WALKING
07/01/2023 14:08:06.961,4860,AM1V420 @1F3E5C,244547,82FFB6FD3A00,-126,-586,58,,WALKING
07/01/2023 14:08:06.960,4859,AM1V420 @1F3E5C,244544,8DFFBCFD3400,-115,-580,52,,WALKING
07/01/2023 14:08:07.008,4907,AM1V420 @1F3E5C,244549,85FFB9FD3700,-123,-583,55,,WALKING
07/01/2023 14:08:07.012,4911,AM1V420 @1F3E5C,244552,8BFFB7FD3600,-117,-585,54,,WALKING
07/01/2023 14:08:07.057,4956,AM1V420 @1F3E5C,244554,8EFFB9FD3000,-114,-583,48,,WALKING
07/01/2023 14:08:07.059,4958,AM1V420 @1F3E5C,244557,8EFFBAFD3300,-114,-582,51,,WALKING
07/01/2023 14:08:07.059,4958,AM1V420 @1F3E5C,244559,84FFBDFD3300,-124,-579,51,,WALKING
07/01/2023 14:08:07.107,5006,AM1V420 @1F3E5C,244564,8EFFC0FD2A00,-114,-576,42,,WALKING
07/01/2023 14:08:07.106,5005,AM1V420 @1F3E5C,244562,8DFFB9FD2B00,-115,-583,43,,WALKING
07/01/2023 14:08:07.155,5054,AM1V420 @1F3E5C,244567,8DFFC6FD2200,-115,-570,34,,WALKING
07/01/2023 14:08:07.157,5056,AM1V420 @1F3E5C,244569,8DFFC6FD1F00,-115,-570,31,,WALKING
07/01/2023 14:08:07.158,5057,AM1V420 @1F3E5C,244572,8EFFC9FD2400,-114,-567,36,,WALKING
07/01/2023 14:08:07.204,5103,AM1V420 @1F3E5C,244574,96FFBFFD1900,-106,-577,25,,WALKING
07/01/2023 14:08:07.205,5104,AM1V420 @1F3E5C,244577,97FFBDFD2100,-105,-579,33,,WALKING
07/01/2023 14:08:07.252,5151,AM1V420 @1F3E5C,244584,94FFC2FD1E00,-108,-574,30,,WALKING
07/01/2023 14:08:07.252,5151,AM1V420 @1F3E5C,244582,99FFC5FD1900,-103,-571,25,,WALKING
07/01/2023 14:08:07.251,5150,AM1V420 @1F3E5C,244579,97FFC3FD1900,-105,-573,25,,WALKING
07/01/2023 14:08:07.301,5200,AM1V420 @1F3E5C,244589,A3FFC5FD1F00,-93,-571,31,,WALKING
07/01/2023 14:08:07.300,5199,AM1V420 @1F3E5C,244587,A3FFC6FD1F00,-93,-570,31,,WALKING
07/01/2023 14:08:07.348,5247,AM1V420 @1F3E5C,244594,99FFC3FD2200,-103,-573,34,,WALKING
07/01/2023 14:08:07.347,5247,AM1V420 @1F3E5C,244592,A0FFCEFD2400,-96,-562,36,,WALKING
07/01/2023 14:08:07.401,5300,AM1V420 @1F3E5C,244599,9DFFC6FD1E00,-99,-570,30,,WALKING
07/01/2023 14:08:07.399,5298,AM1V420 @1F3E5C,244597,9FFFC9FD1E00,-97,-567,30,,WALKING
07/01/2023 14:08:07.401,5303,AM1V420 @1F3E5C,244602,A0FFC6FD1300,-96,-570,19,,WALKING
07/01/2023 14:08:07.450,5349,AM1V420 @1F3E5C,244604,9DFFC5FD1800,-99,-571,24,,WALKING
07/01/2023 14:08:07.451,5350,AM1V420 @1F3E5C,244607,9AFFC8FD1900,-102,-568,25,,WALKING
07/01/2023 14:08:07.496,5395,AM1V420 @1F3E5C,244612,97FFC3FD1F00,-105,-573,31,,WALKING
07/01/2023 14:08:07.502,5401,AM1V420 @1F3E5C,244614,93FFC6FD1500,-109,-570,21,,WALKING
07/01/2023 14:08:07.495,5394,AM1V420 @1F3E5C,244609,9AFFC3FD1C00,-102,-573,28,,WALKING
07/01/2023 14:08:07.544,5443,AM1V420 @1F3E5C,244617,97FFC5FD1F00,-105,-571,31,,WALKING
07/01/2023 14:08:07.545,5444,AM1V420 @1F3E5C,244619,94FFBAFD1F00,-108,-582,31,,WALKING
07/01/2023 14:08:07.594,5493,AM1V420 @1F3E5C,244622,90FFB7FD1900,-112,-585,25,,WALKING
07/01/2023 14:08:07.594,5493,AM1V420 @1F3E5C,244624,8DFFBCFD2D00,-115,-580,45,,WALKING
07/01/2023 14:08:07.595,5494,AM1V420 @1F3E5C,244627,94FFBCFD2100,-108,-580,33,,WALKING
07/01/2023 14:08:07.643,5542,AM1V420 @1F3E5C,244632,8BFFBCFD2200,-117,-580,34,,WALKING
07/01/2023 14:08:07.642,5541,AM1V420 @1F3E5C,244629,84FFB7FD2200,-124,-585,34,,WALKING
07/01/2023 14:08:07.696,5595,AM1V420 @1F3E5C,244634,8DFFB9FD1F00,-115,-583,31,,WALKING
07/01/2023 14:08:07.696,5595,AM1V420 @1F3E5C,244637,85FFB0FD2500,-123,-592,37,,WALKING
07/01/2023 14:08:07.739,5638,AM1V420 @1F3E5C,244639,7CFFB3FD2D00,-132,-589,45,,WALKING
07/01/2023 14:08:07.741,5640,AM1V420 @1F3E5C,244642,7CFFB6FD2400,-132,-586,36,,WALKING
07/01/2023 14:08:07.743,5642,AM1V420 @1F3E5C,244644,73FFBFFD2800,-141,-577,40,,WALKING
07/01/2023 14:08:07.788,5687,AM1V420 @1F3E5C,244647,76FFB3FD2200,-138,-589,34,,WALKING
07/01/2023 14:08:07.789,5688,AM1V420 @1F3E5C,244649,70FFB3FD2E00,-144,-589,46,,WALKING
07/01/2023 14:08:07.839,5738,AM1V420 @1F3E5C,244657,6FFFB4FD3300,-145,-588,51,,WALKING
07/01/2023 14:08:07.838,5737,AM1V420 @1F3E5C,244652,75FFB7FD3400,-139,-585,52,,WALKING
07/01/2023 14:08:07.838,5737,AM1V420 @1F3E5C,244654,6DFFB3FD3100,-147,-589,49,,WALKING
07/01/2023 14:08:07.886,5785,AM1V420 @1F3E5C,244659,69FFB1FD3300,-151,-591,51,,WALKING
07/01/2023 14:08:07.887,5786,AM1V420 @1F3E5C,244662,66FFADFD3700,-154,-595,55,,WALKING
07/01/2023 14:08:07.932,5831,AM1V420 @1F3E5C,244664,6AFFA8FD3100,-150,-600,49,,WALKING
07/01/2023 14:08:07.933,5832,AM1V420 @1F3E5C,244667,67FFA4FD3400,-153,-604,52,,WALKING
07/01/2023 14:08:07.936,5835,AM1V420 @1F3E5C,244669,67FFB6FD3400,-153,-586,52,,WALKING
07/01/2023 14:08:07.982,5882,AM1V420 @1F3E5C,244672,6AFFA8FD3C00,-150,-600,60,,WALKING
07/01/2023 14:08:07.983,5882,AM1V420 @1F3E5C,244674,70FFB0FD3400,-144,-592,52,,WALKING
07/01/2023 14:08:08.032,5931,AM1V420 @1F3E5C,244677,70FFB6FD3400,-144,-586,52,,WALKING
07/01/2023 14:08:08.033,5932,AM1V420 @1F3E5C,244679,72FFB4FD3400,-142,-588,52,,WALKING
07/01/2023 14:08:08.033,5933,AM1V420 @1F3E5C,244682,69FFADFD3600,-151,-595,54,,WALKING
07/01/2023 14:08:08.081,5980,AM1V420 @1F3E5C,244684,6AFFAEFD3400,-150,-594,52,,WALKING
07/01/2023 14:08:08.082,5981,AM1V420 @1F3E5C,244687,67FFAEFD3600,-153,-594,54,,WALKING
07/01/2023 14:08:08.131,6030,AM1V420 @1F3E5C,244689,6CFFB0FD3600,-148,-592,54,,WALKING
07/01/2023 14:08:08.131,6031,AM1V420 @1F3E5C,244692,72FFA7FD2D00,-142,-601,45,,WALKING
07/01/2023 14:08:08.180,6079,AM1V420 @1F3E5C,244699,76FFB3FD2A00,-138,-589,42,,WALKING
07/01/2023 14:08:08.179,6078,AM1V420 @1F3E5C,244697,76FFB1FD2E00,-138,-591,46,,WALKING
07/01/2023 14:08:08.178,6077,AM1V420 @1F3E5C,244694,70FFB3FD3400,-144,-589,52,,WALKING
07/01/2023 14:08:08.228,6127,AM1V420 @1F3E5C,244702,78FFB3FD2D00,-136,-589,45,,WALKING
07/01/2023 14:08:08.228,6127,AM1V420 @1F3E5C,244704,78FFB0FD2800,-136,-592,40,,WALKING
07/01/2023 14:08:08.278,6177,AM1V420 @1F3E5C,244709,79FFB3FD2400,-135,-589,36,,WALKING
07/01/2023 14:08:08.279,6178,AM1V420 @1F3E5C,244712,73FFB4FD2700,-141,-588,39,,WALKING
07/01/2023 14:08:08.277,6176,AM1V420 @1F3E5C,244707,82FFB4FD2E00,-126,-588,46,,WALKING
07/01/2023 14:08:08.326,6225,AM1V420 @1F3E5C,244717,85FFBAFD2500,-123,-582,37,,WALKING
07/01/2023 14:08:08.325,6224,AM1V420 @1F3E5C,244714,85FFB6FD1C00,-123,-586,28,,WALKING
07/01/2023 14:08:08.375,6274,AM1V420 @1F3E5C,244722,87FFC2FD1B00,-121,-574,27,,WALKING
07/01/2023 14:08:08.374,6273,AM1V420 @1F3E5C,244719,90FFB6FD2200,-112,-586,34,,WALKING
07/01/2023 14:08:08.376,6275,AM1V420 @1F3E5C,244724,8BFFBAFD1E00,-117,-582,30,,WALKING
07/01/2023 14:08:08.420,6319,AM1V420 @1F3E5C,244727,8AFFB6FD1E00,-118,-586,30,,WALKING
07/01/2023 14:08:08.421,6320,AM1V420 @1F3E5C,244729,93FFC2FD1C00,-109,-574,28,,WALKING
07/01/2023 14:08:08.470,6369,AM1V420 @1F3E5C,244732,94FFBAFD1C00,-108,-582,28,,WALKING
07/01/2023 14:08:08.471,6370,AM1V420 @1F3E5C,244734,91FFC3FD1900,-111,-573,25,,WALKING
07/01/2023 14:08:08.520,6419,AM1V420 @1F3E5C,244737,91FFC0FD1600,-111,-576,22,,WALKING
07/01/2023 14:08:08.525,6424,AM1V420 @1F3E5C,244742,8DFFBAFD2200,-115,-582,34,,WALKING
07/01/2023 14:08:08.525,6424,AM1V420 @1F3E5C,244739,91FFBAFD1500,-111,-582,21,,WALKING
07/01/2023 14:08:08.568,6467,AM1V420 @1F3E5C,244744,90FFBCFD1C00,-112,-580,28,,WALKING
07/01/2023 14:08:08.569,6468,AM1V420 @1F3E5C,244747,8AFFBFFD1300,-118,-577,19,,WALKING
07/01/2023 14:08:08.618,6517,AM1V420 @1F3E5C,244754,88FFB4FD1B00,-120,-588,27,,WALKING
07/01/2023 14:08:08.618,6517,AM1V420 @1F3E5C,244752,87FFBCFD1C00,-121,-580,28,,WALKING
07/01/2023 14:08:08.617,6516,AM1V420 @1F3E5C,244749,88FFB9FD1200,-120,-583,18,,WALKING
07/01/2023 14:08:08.668,6567,AM1V420 @1F3E5C,244759,85FFB7FD1300,-123,-585,19,,WALKING
07/01/2023 14:08:08.667,6566,AM1V420 @1F3E5C,244757,84FFBAFD1000,-124,-582,16,,WALKING
07/01/2023 14:08:08.715,6614,AM1V420 @1F3E5C,244762,7CFFBDFD0A00,-132,-579,10,,WALKING
07/01/2023 14:08:08.716,6615,AM1V420 @1F3E5C,244764,88FFBCFD0F00,-120,-580,15,,WALKING
07/01/2023 14:08:08.716,6615,AM1V420 @1F3E5C,244767,7FFFBAFD1500,-129,-582,21,,WALKING
07/01/2023 14:08:08.763,6662,AM1V420 @1F3E5C,244769,85FFBDFD1900,-123,-579,25,,WALKING
07/01/2023 14:08:08.763,6662,AM1V420 @1F3E5C,244772,81FFB6FD1600,-127,-586,22,,WALKING
07/01/2023 14:08:08.813,6712,AM1V420 @1F3E5C,244774,7EFFB7FD1500,-130,-585,21,,WALKING
07/01/2023 14:08:08.814,6713,AM1V420 @1F3E5C,244779,70FFB6FD1900,-144,-586,25,,WALKING
07/01/2023 14:08:08.814,6713,AM1V420 @1F3E5C,244777,78FFBAFD1600,-136,-582,22,,WALKING
07/01/2023 14:08:08.863,6762,AM1V420 @1F3E5C,244784,75FFB9FD1B00,-139,-583,27,,WALKING
07/01/2023 14:08:08.862,6761,AM1V420 @1F3E5C,244782,7BFFB9FD1800,-133,-583,24,,WALKING
07/01/2023 14:08:08.911,6810,AM1V420 @1F3E5C,244787,79FFB4FD1800,-135,-588,24,,WALKING
07/01/2023 14:08:08.912,6811,AM1V420 @1F3E5C,244789,70FFBAFD1C00,-144,-582,28,,WALKING
07/01/2023 14:08:08.961,6860,AM1V420 @1F3E5C,244792,70FFAEFD2100,-144,-594,33,,WALKING
07/01/2023 14:08:08.962,6861,AM1V420 @1F3E5C,244794,6FFFB6FD2100,-145,-586,33,,WALKING
07/01/2023 14:08:08.962,6861,AM1V420 @1F3E5C,244797,72FFB3FD2400,-142,-589,36,,WALKING
07/01/2023 14:08:09.009,6908,AM1V420 @1F3E5C,244802,72FFAEFD2400,-142,-594,36,,WALKING
07/01/2023 14:08:09.008,6907,AM1V420 @1F3E5C,244799,76FFB4FD2200,-138,-588,34,,WALKING
07/01/2023 14:08:09.056,6955,AM1V420 @1F3E5C,244804,72FFB0FD1E00,-142,-592,30,,WALKING
07/01/2023 14:08:09.058,6957,AM1V420 @1F3E5C,244809,7BFFAEFD1C00,-133,-594,28,,WALKING
07/01/2023 14:08:09.057,6956,AM1V420 @1F3E5C,244807,6DFFB6FD1F00,-147,-586,31,,WALKING
07/01/2023 14:08:09.106,7005,AM1V420 @1F3E5C,244814,7EFFB6FD1B00,-130,-586,27,,WALKING
07/01/2023 14:08:09.105,7004,AM1V420 @1F3E5C,244812,78FFB7FD1B00,-136,-585,27,,WALKING
07/01/2023 14:08:09.153,7052,AM1V420 @1F3E5C,244817,7CFFB6FD1800,-132,-586,24,,WALKING
07/01/2023 14:08:09.154,7054,AM1V420 @1F3E5C,244822,87FFBCFD2100,-121,-580,33,,WALKING
07/01/2023 14:08:09.154,7053,AM1V420 @1F3E5C,244819,82FFBCFD1E00,-126,-580,30,,WALKING
07/01/2023 14:08:09.202,7101,AM1V420 @1F3E5C,244827,8BFFBAFD1C00,-117,-582,28,,WALKING
07/01/2023 14:08:09.202,7101,AM1V420 @1F3E5C,244824,81FFB9FD1800,-127,-583,24,,WALKING
07/01/2023 14:08:09.251,7150,AM1V420 @1F3E5C,244832,8BFFBCFD2100,-117,-580,33,,WALKING
07/01/2023 14:08:09.250,7149,AM1V420 @1F3E5C,244829,85FFBAFD2400,-123,-582,36,,WALKING
07/01/2023 14:08:09.301,7200,AM1V420 @1F3E5C,244837,8BFFBFFD1F00,-117,-577,31,,WALKING
07/01/2023 14:08:09.300,7199,AM1V420 @1F3E5C,244834,90FFBCFD1E00,-112,-580,30,,WALKING
07/01/2023 14:08:09.304,7203,AM1V420 @1F3E5C,244839,91FFBAFD2400,-111,-582,36,,WALKING
07/01/2023 14:08:09.348,7247,AM1V420 @1F3E5C,244842,8AFFB7FD1B00,-118,-585,27,,WALKING
07/01/2023 14:08:09.351,7250,AM1V420 @1F3E5C,244844,8DFFBAFD2100,-115,-582,33,,WALKING
07/01/2023 14:08:09.397,7297,AM1V420 @1F3E5C,244847,91FFB7FD2400,-111,-585,36,,WALKING
07/01/2023 14:08:09.402,7301,AM1V420 @1F3E5C,244852,90FFC0FD2400,-112,-576,36,,WALKING
07/01/2023 14:08:09.402,7301,AM1V420 @1F3E5C,244849,93FFBDFD1C00,-109,-579,28,,WALKING
07/01/2023 14:08:09.444,7343,AM1V420 @1F3E5C,244854,91FFC6FD1E00,-111,-570,30,,WALKING
07/01/2023 14:08:09.445,7344,AM1V420 @1F3E5C,244857,99FFBCFD2400,-103,-580,36,,WALKING
07/01/2023 14:08:09.493,7392,AM1V420 @1F3E5C,244859,96FFC8FD2400,-106,-568,36,,WALKING
07/01/2023 14:08:09.499,7398,AM1V420 @1F3E5C,244862,9FFFBFFD2500,-97,-577,37,,WALKING
07/01/2023 14:08:09.500,7399,AM1V420 @1F3E5C,244864,9FFFC2FD2200,-97,-574,34,,WALKING
07/01/2023 14:08:09.545,7444,AM1V420 @1F3E5C,244867,A6FFC2FD2400,-90,-574,36,,WALKING
07/01/2023 14:08:09.545,7445,AM1V420 @1F3E5C,244869,A8FFC0FD2A00,-88,-576,42,,WALKING
07/01/2023 14:08:09.591,7490,AM1V420 @1F3E5C,244872,ACFFCBFD2800,-84,-565,40,,WALKING
07/01/2023 14:08:09.592,7491,AM1V420 @1F3E5C,244874,A9FFCCFD2B00,-87,-564,43,,WALKING
07/01/2023 14:08:09.596,7495,AM1V420 @1F3E5C,244877,A5FFC0FD3000,-91,-576,48,,WALKING
07/01/2023 14:08:09.641,7540,AM1V420 @1F3E5C,244879,A9FFC8FD2E00,-87,-568,46,,WALKING
07/01/2023 14:08:09.645,7544,AM1V420 @1F3E5C,244882,A9FFC3FD2D00,-87,-573,45,,WALKING
07/01/2023 14:08:09.691,7590,AM1V420 @1F3E5C,244887,A5FFBFFD3900,-91,-577,57,,WALKING
07/01/2023 14:08:09.690,7589,AM1V420 @1F3E5C,244884,A5FFC9FD3300,-91,-567,51,,WALKING
07/01/2023 14:08:09.738,7637,AM1V420 @1F3E5C,244889,A9FFBFFD3600,-87,-577,54,,WALKING
07/01/2023 14:08:09.740,7639,AM1V420 @1F3E5C,244892,A2FFCBFD3000,-94,-565,48,,WALKING
07/01/2023 14:08:09.742,7641,AM1V420 @1F3E5C,244894,A5FFC6FD3600,-91,-570,54,,WALKING
07/01/2023 14:08:09.787,7686,AM1V420 @1F3E5C,244897,ACFFC2FD3F00,-84,-574,63,,WALKING
07/01/2023 14:08:09.789,7688,AM1V420 @1F3E5C,244899,A0FFC3FD4B00,-96,-573,75,,WALKING
07/01/2023 14:08:09.836,7736,AM1V420 @1F3E5C,244902,A9FFBCFD4300,-87,-580,67,,WALKING
07/01/2023 14:08:09.840,7739,AM1V420 @1F3E5C,244907,A2FFBFFD4500,-94,-577,69,,WALKING
07/01/2023 14:08:09.838,7737,AM1V420 @1F3E5C,244904,A9FFBFFD4600,-87,-577,70,,WALKING
07/01/2023 14:08:09.887,7786,AM1V420 @1F3E5C,244912,A3FFC2FD4200,-93,-574,66,,WALKING
07/01/2023 14:08:09.886,7785,AM1V420 @1F3E5C,244909,ABFFC0FD4500,-85,-576,69,,WALKING
07/01/2023 14:08:09.931,7830,AM1V420 @1F3E5C,244917,9DFFBFFD4B00,-99,-577,75,,WALKING
07/01/2023 14:08:09.933,7832,AM1V420 @1F3E5C,244919,9DFFB6FD4900,-99,-586,73,,WALKING
07/01/2023 14:08:09.930,7830,AM1V420 @1F3E5C,244914,A2FFC2FD4600,-94,-574,70,,WALKING
07/01/2023 14:08:09.983,7882,AM1V420 @1F3E5C,244922,96FFBDFD4F00,-106,-579,79,,WALKING
07/01/2023 14:08:09.984,7883,AM1V420 @1F3E5C,244924,94FFB9FD4800,-108,-583,72,,WALKING
07/01/2023 14:08:10.031,7930,AM1V420 @1F3E5C,244927,99FFC0FD4800,-103,-576,72,,WALKING
07/01/2023 14:08:10.036,7935,AM1V420 @1F3E5C,244929,8DFFB6FD4600,-115,-586,70,,WALKING
07/01/2023 14:08:10.080,7979,AM1V420 @1F3E5C,244934,91FFB4FD5100,-111,-588,81,,WALKING
07/01/2023 14:08:10.081,7980,AM1V420 @1F3E5C,244937,90FFB3FD4B00,-112,-589,75,,WALKING
07/01/2023 14:08:10.079,7978,AM1V420 @1F3E5C,244932,90FFBAFD4800,-112,-582,72,,WALKING
07/01/2023 14:08:10.129,8028,AM1V420 @1F3E5C,244939,8AFFBAFD5200,-118,-582,82,,WALKING
07/01/2023 14:08:10.130,8029,AM1V420 @1F3E5C,244942,87FFB7FD4B00,-121,-585,75,,WALKING
07/01/2023 14:08:10.178,8077,AM1V420 @1F3E5C,244944,8BFFB9FD4800,-117,-583,72,,WALKING
07/01/2023 14:08:10.179,8078,AM1V420 @1F3E5C,244949,90FFBAFD4B00,-112,-582,75,,WALKING
07/01/2023 14:08:10.179,8078,AM1V420 @1F3E5C,244947,90FFB6FD4E00,-112,-586,78,,WALKING
07/01/2023 14:08:10.226,8125,AM1V420 @1F3E5C,244952,8DFFB7FD4C00,-115,-585,76,,WALKING
07/01/2023 14:08:10.227,8126,AM1V420 @1F3E5C,244954,93FFB4FD4800,-109,-588,72,,WALKING
07/01/2023 14:08:10.275,8174,AM1V420 @1F3E5C,244957,85FFB9FD4600,-123,-583,70,,WALKING
07/01/2023 14:08:10.276,8175,AM1V420 @1F3E5C,244962,90FFB1FD4800,-112,-591,72,,WALKING
07/01/2023 14:08:10.276,8175,AM1V420 @1F3E5C,244959,93FFB4FD4200,-109,-588,66,,WALKING
07/01/2023 14:08:10.323,8222,AM1V420 @1F3E5C,244964,93FFBCFD4600,-109,-580,70,,WALKING
07/01/2023 14:08:10.325,8224,AM1V420 @1F3E5C,244967,9AFFB7FD3D00,-102,-585,61,,WALKING
07/01/2023 14:08:10.372,8271,AM1V420 @1F3E5C,244974,9FFFBFFD4500,-97,-577,69,,WALKING
07/01/2023 14:08:10.371,8270,AM1V420 @1F3E5C,244969,9DFFBCFD4000,-99,-580,64,,WALKING
07/01/2023 14:08:10.372,8270,AM1V420 @1F3E5C,244972,8BFFBFFD4900,-117,-577,73,,WALKING
07/01/2023 14:08:10.419,8318,AM1V420 @1F3E5C,244977,99FFBDFD4600,-103,-579,70,,WALKING
07/01/2023 14:08:10.420,8319,AM1V420 @1F3E5C,244979,9DFFB9FD4B00,-99,-583,75,,WALKING
07/01/2023 14:08:10.470,8369,AM1V420 @1F3E5C,244982,99FFC0FD4000,-103,-576,64,,WALKING
07/01/2023 14:08:10.471,8370,AM1V420 @1F3E5C,244984,9DFFBCFD4600,-99,-580,70,,WALKING
07/01/2023 14:08:10.517,8416,AM1V420 @1F3E5C,244989,9AFFC6FD4B00,-102,-570,75,,WALKING
07/01/2023 14:08:10.517,8416,AM1V420 @1F3E5C,244992,A3FFBAFD5500,-93,-582,85,,WALKING
07/01/2023 14:08:10.516,8415,AM1V420 @1F3E5C,244987,9DFFC0FD4600,-99,-576,70,,WALKING
07/01/2023 14:08:10.566,8465,AM1V420 @1F3E5C,244997,9FFFC3FD4200,-97,-573,66,,WALKING
07/01/2023 14:08:10.566,8465,AM1V420 @1F3E5C,244994,A0FFC0FD4800,-96,-576,72,,WALKING
07/01/2023 14:08:10.616,8515,AM1V420 @1F3E5C,244999,A6FFBDFD4200,-90,-579,66,,WALKING
07/01/2023 14:08:10.618,8517,AM1V420 @1F3E5C,245002,AEFFC2FD4000,-82,-574,64,,WALKING
07/01/2023 14:08:10.619,8518,AM1V420 @1F3E5C,245004,ABFFCBFD4000,-85,-565,64,,WALKING
07/01/2023 14:08:10.667,8566,AM1V420 @1F3E5C,245009,ACFFC5FD4900,-84,-571,73,,WALKING
07/01/2023 14:08:10.665,8564,AM1V420 @1F3E5C,245007,A8FFCCFD3F00,-88,-564,63,,WALKING
07/01/2023 14:08:10.714,8613,AM1V420 @1F3E5C,245014,B5FFCBFD4200,-75,-565,66,,WALKING
07/01/2023 14:08:10.715,8614,AM1V420 @1F3E5C,245017,B2FFCEFD4500,-78,-562,69,,WALKING
07/01/2023 14:08:10.713,8612,AM1V420 @1F3E5C,245012,B5FFCFFD4000,-75,-561,64,,WALKING
07/01/2023 14:08:10.763,8662,AM1V420 @1F3E5C,245022,AEFFC8FD4000,-82,-568,64,,WALKING
07/01/2023 14:08:10.763,8662,AM1V420 @1F3E5C,245019,BAFFC5FD4300,-70,-571,67,,WALKING
07/01/2023 14:08:10.811,8710,AM1V420 @1F3E5C,245024,B4FFC2FD4B00,-76,-574,75,,WALKING
07/01/2023 14:08:10.812,8711,AM1V420 @1F3E5C,245027,AEFFC0FD4300,-82,-576,67,,WALKING
07/01/2023 14:08:10.860,8759,AM1V420 @1F3E5C,245029,B5FFCFFD4300,-75,-561,67,,WALKING
07/01/2023 14:08:10.861,8760,AM1V420 @1F3E5C,245032,B7FFC5FD4900,-73,-571,73,,WALKING
07/01/2023 14:08:10.863,8762,AM1V420 @1F3E5C,245034,AEFFCCFD4B00,-82,-564,75,,WALKING
07/01/2023 14:08:10.911,8810,AM1V420 @1F3E5C,245039,ACFFC6FD4B00,-84,-570,75,,WALKING
07/01/2023 14:08:10.911,8810,AM1V420 @1F3E5C,245037,A9FFC8FD4300,-87,-568,67,,WALKING
07/01/2023 14:08:10.957,8856,AM1V420 @1F3E5C,245042,AEFFC6FD4B00,-82,-570,75,,WALKING
07/01/2023 14:08:10.958,8857,AM1V420 @1F3E5C,245044,B4FFC8FD4C00,-76,-568,76,,WALKING
07/01/2023 14:08:10.958,8857,AM1V420 @1F3E5C,245047,ACFFC0FD4F00,-84,-576,79,,WALKING
07/01/2023 14:08:11.005,8905,AM1V420 @1F3E5C,245049,A9FFC6FD4E00,-87,-570,78,,WALKING
07/01/2023 14:08:11.007,8906,AM1V420 @1F3E5C,245052,AEFFC3FD4600,-82,-573,70,,WALKING
07/01/2023 14:08:11.055,8954,AM1V420 @1F3E5C,245054,A6FFC5FD4800,-90,-571,72,,WALKING
07/01/2023 14:08:11.056,8955,AM1V420 @1F3E5C,245057,A9FFC5FD5100,-87,-571,81,,WALKING
07/01/2023 14:08:11.058,8957,AM1V420 @1F3E5C,245059,A5FFC5FD4F00,-91,-571,79,,WALKING
07/01/2023 14:08:11.104,9003,AM1V420 @1F3E5C,245062,A9FFBFFD4E00,-87,-577,78,,WALKING
07/01/2023 14:08:11.104,9003,AM1V420 @1F3E5C,245064,ABFFC2FD4900,-85,-574,73,,WALKING
07/01/2023 14:08:11.152,9051,AM1V420 @1F3E5C,245067,A5FFC3FD4500,-91,-573,69,,WALKING
07/01/2023 14:08:11.153,9052,AM1V420 @1F3E5C,245069,9DFFC2FD4F00,-99,-574,79,,WALKING
07/01/2023 14:08:11.155,9054,AM1V420 @1F3E5C,245072,A5FFC6FD5400,-91,-570,84,,WALKING
07/01/2023 14:08:11.202,9101,AM1V420 @1F3E5C,245077,9FFFC8FD5B00,-97,-568,91,,WALKING
07/01/2023 14:08:11.201,9100,AM1V420 @1F3E5C,245074,A0FFC2FD5800,-96,-574,88,,WALKING
07/01/2023 14:08:11.250,9149,AM1V420 @1F3E5C,245082,A6FFC8FD5A00,-90,-568,90,,WALKING
07/01/2023 14:08:11.249,9148,AM1V420 @1F3E5C,245079,A2FFB9FD5A00,-94,-583,90,,WALKING
07/01/2023 14:08:11.303,9202,AM1V420 @1F3E5C,245089,A6FFCFFD5100,-90,-561,81,,WALKING
07/01/2023 14:08:11.302,9201,AM1V420 @1F3E5C,245087,A3FFC5FD5800,-93,-571,88,,WALKING
07/01/2023 14:08:11.300,9199,AM1V420 @1F3E5C,245084,ACFFC2FD5400,-84,-574,84,,WALKING
07/01/2023 14:08:11.352,9251,AM1V420 @1F3E5C,245094,AEFFD4FD5D00,-82,-556,93,,WALKING
07/01/2023 14:08:11.351,9250,AM1V420 @1F3E5C,245092,BAFFCBFD5800,-70,-565,88,,WALKING
07/01/2023 14:08:11.402,9301,AM1V420 @1F3E5C,245099,BAFFCEFD5800,-70,-562,88,,WALKING
07/01/2023 14:08:11.402,9301,AM1V420 @1F3E5C,245102,BAFFCEFD5800,-70,-562,88,,WALKING
07/01/2023 14:08:11.401,9300,AM1V420 @1F3E5C,245097,BBFFC6FD5D00,-69,-570,93,,WALKING
07/01/2023 14:08:11.443,9342,AM1V420 @1F3E5C,245104,BBFFD8FD5100,-69,-552,81,,WALKING
07/01/2023 14:08:11.447,9346,AM1V420 @1F3E5C,245107,C1FFD7FD4E00,-63,-553,78,,WALKING
07/01/2023 14:08:11.493,9392,AM1V420 @1F3E5C,245109,BBFFCEFD4E00,-69,-562,78,,WALKING
07/01/2023 14:08:11.494,9393,AM1V420 @1F3E5C,245112,C6FFDAFD5400,-58,-550,84,,WALKING
07/01/2023 14:08:11.498,9397,AM1V420 @1F3E5C,245114,C6FFD1FD5200,-58,-559,82,,WALKING
07/01/2023 14:08:11.542,9441,AM1V420 @1F3E5C,245119,C4FFD2FD4C00,-60,-558,76,,WALKING
07/01/2023 14:08:11.542,9441,AM1V420 @1F3E5C,245117,CCFFD2FD4800,-52,-558,72,,WALKING
07/01/2023 14:08:11.591,9490,AM1V420 @1F3E5C,245122,CCFFD8FD4900,-52,-552,73,,WALKING
07/01/2023 14:08:11.591,9490,AM1V420 @1F3E5C,245124,C9FFDAFD4C00,-55,-550,76,,WALKING
07/01/2023 14:08:11.640,9539,AM1V420 @1F3E5C,245127,C9FFD7FD4C00,-55,-553,76,,WALKING
07/01/2023 14:08:11.644,9543,AM1V420 @1F3E5C,245132,D5FFD8FD4200,-43,-552,66,,WALKING
07/01/2023 14:08:11.644,9540,AM1V420 @1F3E5C,245129,C9FFDEFD4500,-55,-546,69,,WALKING
